点号,点名,纬度,经度,大地高,X,Y,H,班组,ID
1,10447,"31°14'45.027600""N","121°26'25.983600""E",0,1152.427,-2533.877,0,二组,1
2,10449,"31°14'08.080800""N","121°27'09.057600""E",0,14.343,-1394.231,-0.001,二组,2
3,10451,"31°14'19.276800""N","121°27'39.056400""E",0,359.105,-600.343,-0.001,二组,3
4,10452,"31°14'10.899600""N","121°27'40.582800""E",0,101.1,-559.958,-0.001,二组,4
5,10456,"31°13'39.244800""N","121°26'05.362800""E",0,-873.439,-3080.062,-0.001,二组,5
6,10457,"31°13'44.814000""N","121°25'55.837200""E",0,-701.846,-3332.115,0,二组,6
7,10478,"31°14'11.594400""N","121°28'06.888000""E",0,122.502,136.166,-0.001,二组,7
8,10486,"31°13'46.045200""N","121°28'01.639200""E",0,-664.374,-2.716,-0.001,二组,8
9,10496,"31°13'51.733200""N","121°28'08.738400""E",0,-489.187,185.159,-0.001,二组,9
10,10789,"31°14'01.143600""N","121°28'32.314800""E",0,-199.318,809.076,-0.001,二组,10
11,10401,"31°13'06.780000""N","121°26'09.038400""E",0,-1873.323,-2983.043,-0.001,二组,11
12,10489,"31°13'32.844000""N","121°28'09.883200""E",0,-1070.94,215.482,-0.001,二组,12
13,10490,"31°13'27.152400""N","121°28'12.601200""E",0,-1246.228,287.427,-0.001,二组,13
14,10682,"31°13'17.536800""N","121°26'46.298400""E",0,-1542.242,-1996.778,-0.001,二组,14
15,10683,"31°13'59.127600""N","121°28'41.444400""E",0,-261.38,1050.691,-0.001,二组,15
16,10776,"31°13'22.486800""N","121°29'39.418800""E",0,-1389.551,2585.247,-0.001,二组,16
17,10403,"31°11'30.944400""N","121°25'07.586400""E",0,-4824.335,-4610.796,-0.001,二组,17
18,10404,"31°11'19.417200""N","121°25'06.769200""E",0,-5179.342,-4632.579,-0.001,二组,18
19,10406,"31°11'21.307200""N","121°25'42.211200""E",0,-5121.481,-3694.175,-0.001,二组,19
20,10407,"31°11'41.445600""N","121°26'12.206400""E",0,-4501.486,-2899.851,-0.001,二组,20
21,10411,"31°10'43.262400""N","121°23'48.055200""E",0,-6291.769,-6717.344,-0.001,二组,21
22,10468,"31°11'51.496800""N","121°28'36.076800""E",0,-4192.195,909.076,-0.001,二组,22
23,10481,"31°13'24.402000""N","121°29'59.650800""E",0,-1330.408,3120.711,-0.001,二组,23
24,10484,"31°13'01.588800""N","121°29'21.897600""E",0,-2033.287,2121.656,-0.001,二组,24
25,10775,"31°12'15.559200""N","121°29'28.881600""E",0,-3450.871,2306.859,-0.001,二组,25
26,11151,"31°12'50.634000""N","121°28'57.846000""E",0,-2370.799,1485.096,-0.001,二组,26
27,10418,"31°13'57.399600""N","121°20'52.562400""E",0,-308.827,-11357.999,0,二组,27
28,10419,"31°13'29.233200""N","121°21'48.672000""E",0,-1177.765,-9873.882,0,二组,28
29,10420,"31°12'52.081200""N","121°24'48.294000""E",0,-2325.249,-5120.423,0,二组,29
30,10421,"31°12'18.435600""N","121°25'05.844000""E",0,-3361.676,-4656.317,-0.001,二组,30
31,10422,"31°11'52.288800""N","121°24'51.350400""E",0,-4166.782,-5040.358,-0.001,二组,31
32,10425,"31°12'26.834400""N","121°23'10.168800""E",0,-3101.286,-7718.298,0,二组,32
33,10438,"31°07'50.559600""N","121°24'50.428800""E",0,-11611.536,-5068.149,-0.001,二组,33
34,10440,"31°08'09.225600""N","121°24'44.751600""E",0,-11036.595,-5218.284,-0.001,二组,34
35,10442,"31°08'40.020000""N","121°25'27.267600""E",0,-10088.662,-4091.633,-0.001,二组,35
36,10443,"31°09'30.056400""N","121°26'11.130000""E",0,-8548.005,-2929.374,-0.001,二组,36
37,10444,"31°09'50.695200""N","121°25'15.794400""E",0,-7911.9,-4394.694,-0.001,二组,37
38,10414,"31°13'50.473200""N","121°25'21.730800""E",0,-527.25,-4234.689,0,二组,38
39,10415,"31°13'47.776800""N","121°25'10.268400""E",0,-610.176,-4538.075,0,二组,39
40,10426,"31°13'08.904000""N","121°24'23.889600""E",0,-1806.819,-5766.124,0,二组,40
41,10408,"31°11'35.325600""N","121°26'28.550400""E",0,-4690.07,-2467.184,-0.001,二组,41
42,10460,"31°12'16.588800""N","121°28'07.237200""E",0,-3419.465,145.542,-0.001,二组,42
43,10473,"31°11'57.886800""N","121°27'53.042400""E",0,-3995.46,-230.225,-0.001,二组,43
44,10475,"31°11'43.533600""N","121°28'17.209200""E",0,-4437.49,409.587,-0.001,二组,44
45,10476,"31°11'51.802800""N","121°28'09.476400""E",0,-4182.825,204.852,-0.001,二组,45
46,10423,"31°12'05.986800""N","121°23'38.976000""E",0,-3743.866,-6956.138,0,二组,46
47,10424,"31°11'37.010400""N","121°23'26.916000""E",0,-4636.076,-7275.997,0,二组,47
48,10428,"31°11'58.509600""N","121°23'38.180400""E",0,-3974.136,-6977.347,0,二组,48
49,10429,"31°11'37.557600""N","121°23'43.774800""E",0,-4619.511,-6829.645,-0.001,二组,49
50,10431,"31°11'12.390000""N","121°23'18.553200""E",0,-5394.188,-7497.925,-0.001,二组,50
51,10790,"31°12'37.256400""N","121°21'41.029200""E",0,-2778.372,-10077.653,0,二组,51
52,10791,"31°11'29.464800""N","121°22'19.815600""E",0,-4867.134,-9052.694,0,二组,52
53,10433,"31°10'37.830000""N","121°22'33.495600""E",0,-6457.682,-8691.776,-0.001,二组,53
54,10434,"31°10'18.498000""N","121°21'34.383600""E",0,-7051.702,-10257.619,0,二组,54
55,10681,"31°08'56.374800""N","121°22'33.553200""E",0,-9582.297,-8692.747,-0.001,二组,55
1,13001,"31°08'01.643343""N","121°25'51.285943""E",0.001,-11270.792,-3455.77,0,二组,56
2,13002,"31°08'55.466469""N","121°25'27.570933""E",0.001,-9612.947,-4083.426,0,二组,57
3,13015,"31°13'19.126074""N","121°25'53.106872""E",0.001,-1492.968,-3404.611,0,二组,58
4,13013,"31°13'15.252999""N","121°24'40.028820""E",0,-1611.496,-5338.854,0,二组,59
5,13012,"31°13'36.198481""N","121°25'17.892418""E",0,-966.848,-4336.442,0,二组,60
6,13023,"31°09'28.748603""N","121°21'49.653430""E",0.001,-8584.258,-9854.646,0,二组,61
7,13022,"31°09'35.673225""N","121°22'22.643556""E",0.001,-8371.752,-8980.719,0,二组,62
8,13021,"31°09'53.026659""N","121°23'49.994147""E",0.001,-7838.96,-6666.942,0,二组,63
9,13126,"31°13'22.310793""N","121°20'43.131034""E",0,-1389.236,-11608.76,0,二组,64
10,13027,"31°11'09.932935""N","121°23'56.131728""E",0.001,-5470.497,-6502.996,0,二组,65
11,13019,"31°12'42.084500""N","121°20'47.469457""E",0,-2628.258,-11495.256,0,二组,66
12,13020,"31°10'28.415096""N","121°23'32.450589""E",0.001,-6748.775,-7130.844,0,二组,67
13,13025,"31°12'18.487968""N","121°21'55.569906""E",0,-3356.757,-9693.269,0,二组,68
14,13016,"31°10'37.329856""N","121°24'56.977845""E",0.001,-6475.439,-4892.391,0,二组,69
15,13125,"31°12'45.188637""N","121°24'02.739533""E",0,-2536.902,-6326.349,0,二组,70
16,13024,"31°10'06.842315""N","121°22'48.644709""E",0.001,-7412.354,-8291.356,0,二组,71
17,13017,"31°10'02.903163""N","121°24'50.806684""E",0.001,-7535.639,-5056.285,0,二组,72
18,13127,"31°13'11.756822""N","121°23'23.343139""E",0,-1717.997,-7368.62,0,二组,73
19,13136,"31°13'59.204768""N","121°20'52.063363""E",0,-253.217,-11371.147,0,二组,74
20,13018,"31°11'42.222030""N","121°23'22.578580""E",0,-4475.491,-7390.723,0,二组,75
21,13004,"31°13'25.264227""N","121°29'40.959455""E",0.001,-1304,2626,0,二组,76
22,13003,"31°13'47.027333""N","121°28'54.301382""E",0.001,-634,1391,0,二组,77
23,13006,"31°13'23.652674""N","121°28'20.745960""E",0.001,-1354,503,0,二组,78
24,13005,"31°13'31.115738""N","121°29'05.255750""E",0.001,-1124,1681,0,二组,79
25,13009,"31°14'19.365312""N","121°26'39.627259""E",0.001,362,-2173,0,二组,80
26,13007,"31°13'53.083754""N","121°25'37.588059""E",0,-447,-3815,0,二组,81
27,13010,"31°14'21.773060""N","121°27'27.543543""E",0.001,436,-905,0,二组,82
28,13008,"31°14'04.843814""N","121°26'00.784893""E",0,-85,-3201,0,二组,83
29,13011,"31°14'14.630457""N","121°27'50.632817""E",0.001,216,-294,0,二组,84
30,13123,"31°11'47.341508""N","121°26'28.025608""E",0.001,-4320,-2481,0,二组,85
31,13122,"31°11'08.546406""N","121°27'13.545485""E",0.001,-5515,-1276,0,二组,86
32,13120,"31°12'50.660008""N","121°28'57.502356""E",0.001,-2370,1476,0,二组,87
33,13118,"31°12'48.261587""N","121°28'08.880406""E",0.001,-2444,189,0,二组,88
34,13121,"31°11'52.119662""N","121°28'40.077929""E",0.001,-4173,1015,0,二组,89
35,13119,"31°13'27.443460""N","121°29'23.466497""E",0.001,-1237,2163,0,二组,90
36,13124,"31°12'28.422732""N","121°28'09.257198""E",0.001,-3055,199,0,二组,91
37,13026,"31°11'29.447395""N","121°22'19.036242""E",0,-4867.653,-9073.329,0,二组,92
1,10235,"31°18'07.698475""N","121°29'22.353347""E",0.001,7394.406,2131.578,0,三组,93
2,10236,"31°19'11.000645""N","121°30'52.210604""E",0.001,9344.837,4506.971,0,三组,94
3,10837,"31°19'30.327131""N","121°30'40.065234""E",0.001,9939.927,4185.594,0,三组,95
4,11156,"31°20'39.152480""N","121°30'12.524705""E",0,12059.38,3456.71,0,三组,96
5,10825,"31°19'57.390705""N","121°29'12.073452""E",0,10772.724,1859.045,0,三组,97
6,11073,"31°18'35.790113""N","121°29'34.217263""E",0.001,8259.666,2445.097,0,三组,98
7,11157,"31°19'43.907646""N","121°29'48.366977""E",0,10357.7,2818.641,0,三组,99
8,11152,"31°18'58.601346""N","121°22'25.380296""E",0,8965.43,-8893.997,0,三组,100
9,10229,"31°19'38.829318""N","121°22'15.125002""E",0,10204.627,-9164.106,0,三组,101
10,12818,"31°19'42.865547""N","121°22'40.040008""E",0,10328.399,-8505.306,0,三组,102
11,12819,"31°19'22.105823""N","121°23'32.816546""E",0,9688.021,-7110.436,0,三组,103
12,11153,"31°18'12.376449""N","121°23'30.721189""E",0,7540.485,-7167.25,0,三组,104
13,10265,"31°20'34.122241""N","121°28'29.504742""E",0,11903.844,733.57,0,三组,105
14,10279,"31°20'29.029686""N","121°25'52.690721""E",0,11747.428,-3411.646,0,三组,106
15,10281,"31°22'04.349349""N","121°27'02.489788""E",0,14682.772,-1566.206,0,三组,107
16,10290,"31°21'29.189216""N","121°27'17.647446""E",0,13599.836,-1165.734,0,三组,108
17,10291,"31°21'05.334359""N","121°29'45.154462""E",0,12865.52,2732.995,0,三组,109
18,11158,"31°19'20.493818""N","121°28'41.238079""E",0,9636.214,1044.006,0,三组,110
19,12270,"31°19'57.472180""N","121°29'12.200758""E",0,10775.234,1862.41,0,三组,111
20,12838,"31°19'52.300463""N","121°25'08.095935""E",0,10616.634,-4590.935,0,三组,112
21,10275,"31°20'40.598225""N","121°31'09.669658""E",0.001,12104.551,4967.216,0,三组,113
22,12269,"31°20'45.964153""N","121°28'16.477996""E",0,12268.534,389.203,0,三组,114
23,11075,"31°22'13.225279""N","121°26'46.182217""E",0,14956.204,-1997.115,0,三组,115
24,12839,"31°21'38.618672""N","121°25'11.325105""E",0,13891.075,-4504.238,0,三组,116
25,11077,"31°21'24.673390""N","121°24'27.916777""E",0,13462.104,-5651.683,0,三组,117
26,12262,"31°22'19.317570""N","121°26'56.041440""E",0,15143.8,-1736.549,0,三组,118
27,12263,"31°23'47.756634""N","121°27'04.798199""E",0,17867.605,-1504.822,0,三组,119
28,12264,"31°23'54.413133""N","121°28'31.485931""E",0,18072.596,785.327,0,三组,120
29,10270,"31°26'24.009868""N","121°21'13.704016""E",-0.001,22685.3,-10775.4,0,三组,121
30,10271,"31°25'33.009888""N","121°21'35.266785""E",-0.001,21113.98,-10207.5,0,三组,122
31,10272,"31°25'00.988107""N","121°21'35.843752""E",-0.001,20127.72,-10193.2,0,三组,123
32,10300,"31°23'15.808129""N","121°20'40.883141""E",-0.001,16889.75,-11648.4,0,三组,124
33,11160,"31°24'14.215211""N","121°20'01.189922""E",-0.001,18689.83,-12695,0,三组,125
34,10298,"31°23'05.258004""N","121°24'32.841988""E",0,16559.938,-5519.953,0,三组,126
35,10299,"31°23'00.576082""N","121°24'34.686134""E",0,16415.715,-5471.299,0,三组,127
36,10204,"31°17'51.591646""N","121°26'40.826117""E",0,6898.236,-2140.103,0,三组,128
37,10756,"31°18'20.940850""N","121°26'49.732060""E",0,7802.111,-1904.432,0,三组,129
38,10288,"31°17'45.521594""N","121°23'45.790464""E",0,6713.138,-6769.261,0,三组,130
39,10846,"31°17'08.561629""N","121°25'48.724973""E",0,5573.311,-3518.396,0,三组,131
40,10224,"31°17'19.481291""N","121°24'08.331825""E",0,5910.781,-6173.567,0,三组,132
41,10207,"31°13'38.443106""N","121°24'27.266144""E",0,-897.113,-5676.285,0,三组,133
42,10212,"31°14'56.403629""N","121°25'03.790774""E",0,1503.486,-4708.612,0,三组,134
43,10266,"31°14'12.812950""N","121°25'05.660881""E",0,160.945,-4659.691,0,三组,135
44,10267,"31°14'36.079906""N","121°25'17.080488""E",0,877.406,-4357.212,0,三组,136
45,10841,"31°14'56.615532""N","121°24'48.769643""E",0,1510.188,-5106.066,0,三组,137
46,10843,"31°15'27.456237""N","121°26'14.567963""E",0,2459.23,-2835.623,0,三组,138
47,10202,"31°15'20.666427""N","121°28'31.069910""E",0.001,2249.849,775.891,0,三组,139
48,10217,"31°15'25.798659""N","121°26'12.024856""E",0,2408.196,-2902.92,0,三组,140
49,10221,"31°14'54.858679""N","121°28'27.250785""E",0.001,1455.003,674.915,0,三组,141
50,10225,"31°15'39.757509""N","121°28'07.439218""E",0.001,2837.781,150.648,0,三组,142
51,10840,"31°14'45.799336""N","121°27'16.561109""E",0.001,1175.991,-1195.557,0,三组,143
52,12278,"31°16'15.663960""N","121°25'57.461661""E",0,3944.073,-3287.784,0,三组,144
53,12279,"31°15'09.685249""N","121°26'47.417991""E",0,1911.735,-1966.584,0,三组,145
54,12271,"31°16'16.472420""N","121°23'32.381112""E",0,3970.78,-7125.688,0,三组,146
55,12272,"31°15'56.483654""N","121°25'05.645292""E",0,3353.834,-4658.767,0,三组,147
56,12273,"31°17'08.083060""N","121°27'14.959098""E",0,5558.111,-1237.538,0,三组,148
57,10850,"31°17'04.521693""N","121°26'07.701608""E",0,5448.743,-3016.504,0,三组,149
58,11078,"31°17'11.326988""N","121°25'39.005417""E",0,5658.563,-3775.446,0,三组,150
59,10845,"31°16'11.907200""N","121°27'44.897387""E",0,3827.935,-445.712,0,三组,151
60,12276,"31°16'27.076625""N","121°27'40.219912""E",0,4295.133,-569.436,0,三组,152
61,12277,"31°16'13.138963""N","121°27'13.983519""E",0,3865.918,-1263.504,0,三组,153
62,11079,"31°15'37.491530""N","121°26'42.655704""E",0,2768.145,-2092.439,0,三组,154
63,11171,"31°15'56.493656""N","121°27'33.986435""E",0,3353.231,-734.372,0,三组,155
64,10205,"31°13'42.559442""N","121°22'40.003058""E",0,-768.493,-8515,0,三组,156
65,10206,"31°13'17.697073""N","121°22'54.825552""E",0,-1534.511,-8123.286,0,三组,157
66,12259,"31°13'31.762277""N","121°23'22.384260""E",0,-1101.847,-7393.582,0,三组,158
67,10833,"31°14'50.002767""N","121°23'26.749855""E",0,1307.75,-7276.433,0,三组,159
68,12260,"31°14'00.701606""N","121°24'05.147265""E",0,-211.272,-6261.29,0,三组,160
69,12274,"31°16'08.059579""N","121°23'18.927402""E",0,3711.916,-7481.766,0,三组,161
70,12275,"31°14'58.363968""N","121°22'56.087287""E",0,1565.834,-8087.584,0,三组,162
71,10259,"31°17'14.870560""N","121°27'36.754317""E",0,5767.118,-661.054,0,三组,163
72,10260,"31°16'40.776941""N","121°28'23.906838""E",0.001,4717.111,586.173,0,三组,164
73,10243,"31°16'41.845943""N","121°29'05.422705""E",0.001,4750.18,1684.335,0,三组,165
74,10263,"31°16'19.075989""N","121°28'26.764290""E",0.001,4048.761,661.816,0,三组,166
75,11065,"31°17'30.394120""N","121°29'11.820187""E",0.001,6245.425,1853.259,0,三组,167
76,11066,"31°16'22.032578""N","121°28'16.984647""E",0.001,4139.8,403.105,0,三组,168
77,11071,"31°16'17.306810""N","121°29'26.225120""E",0.001,3994.528,2234.773,0,三组,169
78,11165,"31°15'01.332031""N","121°28'43.954921""E",0.001,1654.42,1116.88,0,三组,170
79,11166,"31°15'21.706009""N","121°29'30.466778""E",0.001,2282.138,2347.404,0,三组,171
80,10257,"31°15'54.785368""N","121°29'40.810749""E",0.001,3301.001,2620.805,0,三组,172
81,10252,"31°15'28.599603""N","121°29'00.440638""E",0.001,2494.283,1552.939,0,三组,173
82,11170,"31°15'48.469183""N","121°28'32.003882""E",0.001,3106.132,800.516,0,三组,174
83,11069,"31°15'00.803449""N","121°29'38.240264""E",0.001,1638.426,2553.246,0,三组,175
84,11163,"31°17'30.829840""N","121°32'48.571784""E",0.001,6261.56,7585.879,0,三组,176
85,11164,"31°16'11.956030""N","121°32'52.081420""E",0.001,3832.433,7680.536,0,三组,177
86,11169,"31°15'17.402014""N","121°31'22.057500""E",0.001,2150.727,5299.93,0,三组,178
87,11168,"31°15'35.682458""N","121°31'14.519270""E",0.001,2713.632,5100.195,0,三组,179
88,11062,"31°15'12.008415""N","121°30'37.657627""E",0.001,1984.058,4125.257,0,三组,180
89,11063,"31°16'50.846439""N","121°32'15.507766""E",0.001,5029.513,6712.222,0,三组,181
90,10244,"31°16'26.650308""N","121°29'39.007637""E",0.001,4282.379,2572.839,0,三组,182
91,10245,"31°17'45.984614""N","121°31'19.219132""E",0.001,6726.807,5222.446,0,三组,183
92,10246,"31°18'04.720722""N","121°32'26.284258""E",0.001,7304.928,6995.7,0,三组,184
93,11068,"31°16'45.136506""N","121°31'15.876464""E",0.001,4852.728,5135.005,0,三组,185
94,11060,"31°17'32.230271""N","121°32'38.982710""E",0.001,6304.505,7332.237,0,三组,186
95,11162,"31°17'14.777466""N","121°31'22.269994""E",0.001,5765.714,5303.64,0,三组,187
1,10008,"31°35'19.338642""N","121°50'09.400320""E",0.004,39227.793,35002.411,0,四组,188
2,10032,"31°15'38.095025""N","121°36'12.333659""E",0.002,2794.9,12979.326,0,四组,189
3,10601,"31°15'49.311883""N","121°33'19.185207""E",0.001,3135.594,8398.114,0,四组,190
4,10608,"31°14'06.090861""N","121°31'09.954396""E",0.001,-45.702,4980.796,0,四组,191
5,10610,"31°14'37.168919""N","121°30'48.886828""E",0.001,911.187,4422.844,0,四组,192
6,10611,"31°14'37.114921""N","121°30'17.618055""E",0.001,909.188,3595.43,0,四组,193
7,10613,"31°12'32.750969""N","121°32'04.003174""E",0.001,-2919.598,6412.95,0,四组,194
8,10617,"31°13'47.320917""N","121°31'39.585658""E",0.001,-623.365,5765.281,0,四组,195
9,10619,"31°14'00.361100""N","121°31'49.606743""E",0.001,-221.595,6030.252,0,四组,196
10,10621,"31°12'25.264666""N","121°30'27.052702""E",0.001,-3151.474,3846.666,0,四组,197
11,10622,"31°13'47.173995""N","121°30'08.842429""E",0.001,-628.99,3363.744,0,四组,198
12,10623,"31°14'33.503816""N","121°34'21.779530""E",0.002,802.32,10056.384,0,四组,199
13,10624,"31°15'21.144546""N","121°35'22.812155""E",0.002,2271.284,11669.745,0,四组,200
14,10625,"31°16'20.834638""N","121°36'36.283560""E",0.002,4112.032,13611.224,0,四组,201
15,10626,"31°16'52.331560""N","121°40'28.304895""E",0.002,5091.982,19747.124,0,四组,202
16,10627,"31°15'33.904822""N","121°35'54.614764""E",0.002,2665.269,12510.7,0,四组,203
17,10628,"31°16'03.296929""N","121°36'08.149722""E",0.002,3570.941,12867.664,0,四组,204
18,10631,"31°19'31.302213""N","121°34'24.861019""E",0.001,9974.158,10128.856,0,四组,205
19,10632,"31°20'15.423449""N","121°33'54.712932""E",0.001,11332.279,9330.542,0,四组,206
20,10636,"31°26'33.285542""N","121°36'57.151743""E",0.001,22975.603,14137.32,0,四组,207
21,10637,"31°25'17.534961""N","121°40'28.753142""E",0.002,20651.733,19729.283,0,四组,208
22,10638,"31°24'30.785556""N","121°42'13.359668""E",0.002,19217.534,22495.255,0,四组,209
23,10639,"31°24'35.617217""N","121°42'29.668600""E",0.002,19367.292,22925.731,0,四组,210
24,10640,"31°23'43.541199""N","121°43'38.768147""E",0.003,17767.596,24754.831,0,四组,211
25,10641,"31°23'02.573242""N","121°43'40.347209""E",0.003,16505.917,24799.57,0,四组,212
26,10643,"31°30'42.892406""N","121°48'44.608779""E",0.004,30705.882,32793.943,0,四组,213
27,10644,"31°31'21.794993""N","121°49'29.386700""E",0.004,31907.895,33971.536,0,四组,214
28,10645,"31°29'17.156676""N","121°43'56.552230""E",0.003,28043.897,25199.609,0,四组,215
29,10646,"31°30'55.182659""N","121°47'01.716449""E",0.003,31076.157,30077.876,0,四组,216
30,10647,"31°28'41.849140""N","121°46'27.048703""E",0.003,26966.894,29174.748,0,四组,217
31,10648,"31°24'18.616086""N","121°43'17.720684""E",0.003,18846.561,24196.251,0,四组,218
32,10649,"31°34'00.274232""N","121°37'52.369810""E",0.002,36744.805,15574.46,0,四组,219
33,10650,"31°33'56.606303""N","121°37'26.145612""E",0.002,36630.803,14883.069,0,四组,220
34,10651,"31°35'37.561320""N","121°50'02.972656""E",0.004,39788.482,34831.049,0,四组,221
35,10658,"31°22'38.940197""N","121°42'35.859978""E",0.003,15774.099,23097.297,0,四组,222
36,10665,"31°12'13.750148""N","121°32'02.115523""E",0.001,-3504.819,6363.35,0,四组,223
37,10666,"31°12'49.947361""N","121°32'56.328843""E",0.002,-2389.012,7797.657,0,四组,224
38,10667,"31°12'41.607908""N","121°33'29.548562""E",0.002,-2645.143,8677.19,0,四组,225
39,10668,"31°13'41.834488""N","121°33'57.680517""E",0.002,-789.613,9420.147,0,四组,226
40,10669,"31°31'32.392964""N","121°47'37.656596""E",0.004,32225.036,31022.73,0,四组,227
41,10671,"31°16'39.963397""N","121°38'44.848814""E",0.002,4706.207,17011.239,0,四组,228
42,10672,"31°17'53.716590""N","121°37'21.923441""E",0.002,6974.326,14814.448,0,四组,229
43,10673,"31°19'21.424027""N","121°35'08.244529""E",0.001,9671.121,11276.188,0,四组,230
44,10674,"31°18'16.480191""N","121°37'32.490846""E",0.002,7675.819,15092.89,0,四组,231
45,10675,"31°14'30.961665""N","121°34'11.718826""E",0.002,723.769,9790.236,0,四组,232
46,10676,"31°37'54.855182""N","121°28'09.946418""E",0,43957.863,215.126,0,四组,233
47,10677,"31°39'44.468433""N","121°23'57.000874""E",0,47335.824,-6448.6,0,四组,234
48,10678,"31°19'14.172868""N","121°38'10.304172""E",0.002,9454.19,16090.073,0,四组,235
49,10680,"31°14'23.865031""N","121°31'13.323088""E",0.001,501.757,5069.667,0,四组,236
50,11081,"31°16'54.601309""N","121°36'49.974245""E",0.002,5152.48,13971.981,0,四组,237
51,11099,"31°44'45.758424""N","121°17'03.688661""E",0,56627.986,-17321.537,0,四组,238
52,11100,"31°40'49.550572""N","121°32'12.895249""E",0.001,49340.804,6613.865,0,四组,239
53,11101,"31°39'02.438653""N","121°24'58.479145""E",0,46040.451,-4829.594,0,四组,240
54,11102,"31°39'55.043009""N","121°23'13.882133""E",0,47662.267,-7584.286,0,四组,241
55,11103,"31°38'01.232494""N","121°23'26.185659""E",0,44156.645,-7262.545,0,四组,242
56,11124,"31°17'11.159585""N","121°36'36.144840""E",0.002,5661.962,13605.51,0,四组,243
57,11125,"31°19'59.161565""N","121°35'21.286871""E",0.001,10833.775,11619.703,0,四组,244
58,11126,"31°17'11.159585""N","121°36'36.144840""E",0.002,5661.962,13605.51,0,四组,245
59,11127,"31°17'11.159585""N","121°36'36.144840""E",0.002,5661.962,13605.51,0,四组,246
60,11128,"31°17'11.159585""N","121°36'36.144840""E",0.002,5661.962,13605.51,0,四组,247
61,11133,"31°17'11.159585""N","121°36'36.144840""E",0.002,5661.962,13605.51,0,四组,248
62,11134,"31°17'11.159585""N","121°36'36.144840""E",0.002,5661.962,13605.51,0,四组,249
63,11135,"31°17'11.159585""N","121°36'36.144840""E",0.002,5661.962,13605.51,0,四组,250
64,11136,"31°17'11.159585""N","121°36'36.144840""E",0.002,5661.962,13605.51,0,四组,251
65,11137,"31°17'11.159585""N","121°36'36.144840""E",0.002,5661.962,13605.51,0,四组,252
66,11138,"31°18'40.179022""N","121°40'39.823023""E",0.002,8414.125,20045.367,0,四组,253
67,11139,"31°18'15.366330""N","121°40'26.664273""E",0.002,7649.258,19698.869,0,四组,254
68,11142,"31°31'16.231860""N","121°45'07.625406""E",0.003,31716.134,27065.829,0,四组,255
69,11143,"31°32'30.312398""N","121°37'19.995374""E",0.001,33972.727,14724.709,0,四组,256
70,11144,"31°33'00.349285""N","121°37'44.346608""E",0.002,34898.803,15365.654,0,四组,257
71,11145,"31°18'29.946392""N","121°39'57.800938""E",0.002,8096.883,18934.771,0,四组,258
72,11147,"31°15'15.025719""N","121°33'49.547422""E",0.001,2080.326,9202.319,0,四组,259
73,11148,"31°29'56.072113""N","121°47'18.175565""E",0.003,29256.837,30517.536,0,四组,260
74,11149,"31°29'10.049675""N","121°44'14.347485""E",0.003,27826.161,25669.825,0,四组,261
75,11150,"31°19'27.784114""N","121°37'41.809593""E",0.002,9872.252,15336.056,0,四组,262
76,12600,"31°17'52.174721""N","121°34'32.807160""E",0.001,6921.372,10342.023,0,四组,263
77,12601,"31°17'52.174721""N","121°34'32.807160""E",0.001,6921.372,10342.023,0,四组,264
78,12602,"31°16'50.343300""N","121°35'06.893669""E",0.002,5018.001,11245.568,0,四组,265
79,12603,"31°17'14.222739""N","121°35'20.385016""E",0.002,5753.85,11601.598,0,四组,266
80,12604,"31°13'55.872175""N","121°39'34.043814""E",0.003,-345.332,18321.464,0,四组,267
81,12605,"31°13'34.856678""N","121°37'45.882635""E",0.002,-997.236,15459.988,0,四组,268
82,12606,"31°13'52.912303""N","121°39'30.963648""E",0.003,-436.635,18240.109,0,四组,269
83,12607,"31°14'51.192655""N","121°39'22.546935""E",0.002,1357.917,18014.246,0,四组,270
84,12608,"31°15'01.159713""N","121°38'35.516139""E",0.002,1662.799,16769.299,0,四组,271
85,12609,"31°17'17.711202""N","121°35'04.945193""E",0.001,5860.837,11193.11,0,四组,272
86,11104,"31°13'25.145587""N","121°32'01.683732""E",0.001,-1305.976,6350.54,0,四组,273
87,11109,"31°14'04.457202""N","121°33'22.316765""E",0.001,-93.691,8483.644,0,四组,274
88,11114,"31°13'36.289780""N","121°32'07.656714""E",0.001,-962.654,6508.406,0,四组,275
89,11131,"31°14'34.673479""N","121°34'26.458371""E",0.002,838.466,10180.158,0,四组,276
90,10630,"31°16'57.495287""N","121°35'11.602997""E",0.002,5238.409,11369.891,0,四组,277
91,10634,"31°19'21.750765""N","121°35'08.385767""E",0.001,9681.188,11279.911,0,四组,278
92,10685,"31°22'38.916469""N","121°42'35.933530""E",0.003,15773.373,23099.242,0,四组,279
93,11118,"31°22'53.319747""N","121°42'42.336969""E",0.003,16217.36,23267.45,0,四组,280
94,11119,"31°23'24.301559""N","121°42'58.469294""E",0.003,17172.54,23691.53,0,四组,281
95,11120,"31°24'21.649963""N","121°40'30.984575""E",0.002,18930.63,19791.52,0,四组,282
96,11132,"31°24'16.539468""N","121°40'28.791935""E",0.002,18773.12,19733.9,0,四组,283
97,11108,"31°19'36.647269""N","121°37'32.814981""E",0.002,10144.876,15097.849,0,四组,284
98,11110,"31°19'31.275480""N","121°35'33.778239""E",0.001,9975.297,11950.929,0,四组,285
99,11111,"31°19'06.292215""N","121°35'50.289936""E",0.001,9206.361,12388.402,0,四组,286
100,11129,"31°19'22.559747""N","121°35'56.264947""E",0.001,9707.572,12545.773,0,四组,287
101,11130,"31°19'13.455620""N","121°36'00.912225""E",0.001,9427.327,12668.989,0,四组,288
102,12619,"31°14'39.258237""N","121°31'16.613247""E",0.001,975.886,5156.489,0,四组,289
103,11117,"31°28'41.948049""N","121°46'27.317720""E",0.003,26969.96,29181.84,0,四组,290
104,11122,"31°34'33.742437""N","121°33'20.755346""E",0.001,37767.181,8410.889,0,四组,291
105,11107,"31°19'22.559747""N","121°35'56.264947""E",0.001,9707.572,12545.773,0,四组,292
106,11121,"31°18'07.198474""N","121°37'32.131444""E",0.002,7389.941,15083.804,0,四组,293
107,11123,"31°18'37.042310""N","121°37'06.575487""E",0.002,8308.126,14406.69,0,四组,294
108,12611,"31°16'03.087243""N","121°32'30.420799""E",0.001,3558.871,7107.717,0,四组,295
109,12610,"31°15'32.129647""N","121°31'40.920403""E",0.001,2604.59,5798.748,0,四组,296
110,12613,"31°14'19.343138""N","121°30'38.141877""E",0.001,362.06,4138.747,0,四组,297
111,12616,"31°14'20.649049""N","121°29'38.335146""E",0.001,401.738,2556.087,0,四组,298
112,12612,"31°15'29.567837""N","121°31'21.782299""E",0.001,2525.411,5292.451,0,四组,299
1,10972,"31°10'28.332250""N","121°30'17.292275""E",0.001,-6752.865,3589.605,0,五组,300
2,10973,"31°10'47.165043""N","121°30'56.142516""E",0.002,-6172.427,4618.115,0,五组,301
3,10974,"31°11'20.444624""N","121°31'11.739300""E",0.001,-5147.282,5030.591,0,五组,302
4,10975,"31°11'22.321656""N","121°31'57.815876""E",0.002,-5088.791,6250.505,0,五组,303
5,10976,"31°12'14.815663""N","121°30'10.768263""E",0.001,-3473.443,3415.703,0,五组,304
6,10977,"31°11'34.878646""N","121°29'53.859333""E",0.001,-4703.574,2968.46,0,五组,305
7,10978,"31°11'22.240509""N","121°29'50.899821""E",0.001,-5092.828,2890.222,0,五组,306
8,10979,"31°11'19.926814""N","121°29'20.756890""E",0.001,-5164.293,2092.161,0,五组,307
9,10980,"31°11'18.827521""N","121°28'31.356798""E",0.001,-5198.36,784.217,0,五组,308
10,10981,"31°10'40.185692""N","121°28'58.461002""E",0.001,-6388.357,1502.045,0,五组,309
11,10982,"31°10'44.229585""N","121°29'24.807900""E",0.001,-6263.674,2199.673,0,五组,310
12,10983,"31°10'21.369003""N","121°28'59.857032""E",0.001,-6967.867,1539.11,0,五组,311
13,10984,"31°10'57.129002""N","121°28'45.001596""E",0.001,-5866.59,1145.575,0,五组,312
14,11017,"31°11'51.666540""N","121°32'03.243989""E",0.002,-4184.935,6393.652,0,五组,313
15,11019,"31°12'13.164538""N","121°33'22.343899""E",0.002,-3521.307,8487.207,0,五组,314
16,11020,"31°12'37.683832""N","121°34'20.860900""E",0.002,-2764.759,10035.561,0,五组,315
17,11021,"31°11'47.118418""N","121°32'41.965842""E",0.002,-4324.312,7418.883,0,五组,316
18,11022,"31°09'35.562094""N","121°32'17.975234""E",0.002,-8376.43,6786.447,0,五组,317
19,11023,"31°10'59.323869""N","121°31'39.218531""E",0.002,-5797.37,5758.517,0,五组,318
20,12321,"31°11'14.680771""N","121°29'53.261135""E",0.001,-5325.635,2952.812,0,五组,319
21,10083,"31°05'42.451428""N","121°31'18.451600""E",0.002,-15556.655,5213.696,0,五组,320
22,12066,"31°05'38.794224""N","121°30'43.952524""E",0.002,-15669.721,4299.427,0,五组,321
23,10085,"31°05'12.969913""N","121°30'15.381572""E",0.002,-16465.347,3542.498,0,五组,322
24,10090,"31°05'15.068891""N","121°29'26.207130""E",0.002,-16401.091,2239.117,0,五组,323
25,10088,"31°05'41.799538""N","121°28'57.692712""E",0.002,-15578.002,1483.213,0,五组,324
26,10089,"31°05'52.139792""N","121°29'37.955734""E",0.002,-15259.318,2550.208,0,五组,325
27,12305,"31°05'11.595226""N","121°29'01.561414""E",0.002,-16508.205,1585.906,0,五组,326
28,12306,"31°04'12.953387""N","121°29'30.104859""E",0.002,-18314.071,2342.895,0,五组,327
29,10086,"31°05'36.113065""N","121°29'15.302442""E",0.002,-15753.045,1949.956,0,五组,328
30,10087,"31°05'27.685067""N","121°28'53.873148""E",0.002,-16012.71,1382.052,0,五组,329
31,12970,"31°09'05.733076""N","121°28'44.241536""E",0.001,-9297.36,1125.899,0,五组,330
32,12979,"31°05'54.637377""N","121°35'44.948867""E",0.003,-15175.349,12276.145,0,五组,331
33,10995,"31°05'43.936461""N","121°35'41.391069""E",0.003,-15505.023,12182.244,0,五组,332
34,10996,"31°05'25.766929""N","121°35'20.058138""E",0.003,-16065.251,11617.494,0,五组,333
35,10081,"31°06'10.579249""N","121°34'35.394558""E",0.003,-14686.399,10432.338,0,五组,334
36,10082,"31°06'11.712296""N","121°34'13.369683""E",0.003,-14652.077,9848.634,0,五组,335
37,12978,"31°06'19.538960""N","121°32'30.636705""E",0.002,-14413.284,7125.998,0,五组,336
38,12302,"31°07'55.054696""N","121°34'59.064424""E",0.003,-11468.138,11056.159,0,五组,337
39,12303,"31°07'31.742144""N","121°32'35.225155""E",0.002,-12189.504,7246.013,0,五组,338
40,12304,"31°05'48.009024""N","121°31'31.771042""E",0.002,-15385.306,5566.603,0,五组,339
41,12317,"31°11'46.162168""N","121°34'33.901127""E",0.002,-4351.188,10382.345,0,五组,340
42,12318,"31°10'43.712106""N","121°34'44.968759""E",0.002,-6274.231,10677.35,0,五组,341
43,12919,"31°09'27.172321""N","121°35'18.915578""E",0.002,-8630.533,11578.886,0,五组,342
44,12918,"31°09'23.710383""N","121°36'37.649760""E",0.003,-8734.611,13664.329,0,五组,343
45,10075,"31°09'24.939833""N","121°37'13.693168""E",0.003,-8695.444,14618.909,0,五组,344
46,10074,"31°08'43.867797""N","121°37'23.903586""E",0.003,-9959.994,14891.151,0,五组,345
47,12910,"31°08'00.407868""N","121°37'16.555646""E",0.003,-11298.745,14698.408,0,五组,346
48,12917,"31°07'36.762557""N","121°37'06.800640""E",0.003,-12027.332,14440.99,0,五组,347
49,12911,"31°08'21.141028""N","121°37'07.952348""E",0.003,-10660.528,14469.599,0,五组,348
50,12916,"31°07'15.815003""N","121°37'08.984739""E",0.003,-12672.39,14499.756,0,五组,349
51,12913,"31°06'58.807956""N","121°35'32.292400""E",0.003,-13199.434,11938.448,0,五组,350
52,11183,"31°10'26.375550""N","121°41'56.980909""E",0.004,-6790.107,22117.934,0,五组,351
53,11182,"31°09'29.715118""N","121°40'23.662095""E",0.003,-8540.088,19650.064,0,五组,352
54,11181,"31°08'00.574584""N","121°40'02.424350""E",0.003,-11286.479,19092.606,0,五组,353
55,10080,"31°08'11.609655""N","121°39'59.367234""E",0.003,-10946.77,19010.997,0,五组,354
56,12914,"31°08'08.025424""N","121°38'49.783478""E",0.003,-11060.357,17167.82,0,五组,355
57,10073,"31°08'02.359669""N","121°37'55.529048""E",0.003,-11237.122,15730.803,0,五组,356
58,12939,"31°11'37.635202""N","121°39'59.278132""E",0.003,-4601.592,18997.059,0,五组,357
59,10023,"31°11'52.273209""N","121°39'58.145027""E",0.003,-4150.822,18966.238,0,五组,358
60,12915,"31°11'39.037246""N","121°41'11.234866""E",0.003,-4554.76,20902.05,0,五组,359
61,10027,"31°10'53.596169""N","121°41'39.002054""E",0.003,-5952.761,21640.098,0,五组,360
62,12938,"31°10'42.364849""N","121°40'51.685365""E",0.003,-6301.191,20387.889,0,五组,361
63,12937,"31°11'11.365526""N","121°40'44.318739""E",0.003,-5408.404,20191.092,0,五组,362
64,10030,"31°11'47.174414""N","121°40'38.474685""E",0.003,-4305.855,20034.235,0,五组,363
65,12936,"31°11'58.561970""N","121°40'01.011601""E",0.003,-3957.001,19041.774,0,五组,364
66,12932,"31°12'51.138277""N","121°38'00.072121""E",0.002,-2343.12,15837.587,0,五组,365
67,12935,"31°11'51.377113""N","121°39'29.324783""E",0.003,-4179.784,18203.294,0,五组,366
68,12934,"31°12'48.598813""N","121°39'01.044479""E",0.003,-2418.742,17451.633,0,五组,367
69,12987,"31°12'21.133382""N","121°37'52.345199""E",0.002,-3267.528,15634.452,0,五组,368
70,10033,"31°12'29.798531""N","121°36'16.657912""E",0.002,-3004.172,13101.088,0,五组,369
71,10034,"31°12'11.589292""N","121°34'31.422269""E",0.002,-3568.146,10315.933,0,五组,370
72,10035,"31°11'52.850899""N","121°34'37.489153""E",0.002,-4145.092,10477.127,0,五组,371
73,12982,"31°13'18.952658""N","121°37'43.306311""E",0.002,-1487.154,15392.53,0,五组,372
74,10715,"30°54'26.694962""N","121°29'33.550543""E",0.005,-36369.114,2438.815,0,五组,373
75,10717,"30°55'37.648604""N","121°27'01.736684""E",0.004,-34184.228,-1592.273,0,五组,374
76,10993,"30°53'27.807983""N","121°29'53.669266""E",0.005,-38182.489,2973.61,0,五组,375
77,10999,"30°55'50.147407""N","121°28'55.049547""E",0.004,-33799.257,1416.032,0,五组,376
78,10707,"30°56'52.455962""N","121°28'02.117657""E",0.004,-31880.476,10.735,0,五组,377
79,12902,"30°56'14.559473""N","121°29'11.232086""E",0.004,-33047.366,1845.501,0,五组,378
80,12900,"30°56'00.012390""N","121°27'38.347645""E",0.004,-33495.572,-620.258,0,五组,379
81,12903,"30°55'59.934596""N","121°28'18.342853""E",0.004,-33497.951,441.514,0,五组,380
82,12908,"31°02'18.232280""N","121°36'49.071083""E",0.004,-21837.944,13984.452,0,五组,381
83,12906,"31°02'42.667489""N","121°36'24.875011""E",0.004,-21086.245,13341.845,0,五组,382
84,12905,"31°02'32.451999""N","121°36'49.453322""E",0.004,-21400,13994,0,五组,383
85,12907,"31°02'51.266667""N","121°37'31.495210""E",0.004,-20819,15108,0,五组,384
86,12909,"31°04'08.849927""N","121°37'47.657573""E",0.004,-18429,15533,0,五组,385
87,12920,"31°04'54.291328""N","121°37'35.248734""E",0.004,-17030,15202,0,五组,386
88,12921,"31°04'50.825717""N","121°37'01.515525""E",0.003,-17138,14308,0,五组,387
89,10701,"30°56'06.942770""N","121°30'44.252559""E",0.004,-33281.163,4314.957,0,五组,388
90,10702,"30°56'41.759942""N","121°30'40.148460""E",0.004,-32208.948,4205.556,0,五组,389
91,10703,"30°57'01.295324""N","121°30'43.944715""E",0.004,-31607.276,4306.067,0,五组,390
92,10704,"30°57'23.131051""N","121°30'37.075339""E",0.004,-30934.879,4123.458,0,五组,391
93,10705,"30°57'26.972530""N","121°30'02.762224""E",0.004,-30816.909,3212.712,0,五组,392
94,10706,"30°57'01.762915""N","121°28'34.700849""E",0.004,-31593.794,875.575,0,五组,393
95,10708,"30°56'36.399593""N","121°26'55.797416""E",0.004,-32374.862,-1749.702,0,五组,394
96,10709,"30°57'07.807292""N","121°26'32.528845""E",0.003,-31407.497,-2367.168,0,五组,395
97,10710,"30°58'07.436312""N","121°26'17.181967""E",0.003,-29571.015,-2774.074,0,五组,396
98,10711,"30°58'12.950563""N","121°26'45.267028""E",0.003,-29401.343,-2028.733,0,五组,397
99,10712,"30°57'32.281998""N","121°26'59.294818""E",0.003,-30653.868,-1656.639,0,五组,398
100,10096,"30°51'29.554338""N","121°32'37.563298""E",0.006,-41822.09,7329.085,0,五组,399
101,10097,"30°50'54.726318""N","121°32'49.554290""E",0.006,-42894.439,7648.458,0,五组,400
102,10056,"31°02'33.128612""N","121°44'33.072523""E",0.005,-21355.519,26287.921,0,五组,401
103,10057,"31°02'58.077783""N","121°44'15.506286""E",0.005,-20588.301,25820.221,0,五组,402
104,12941,"31°03'06.096559""N","121°43'38.377560""E",0.005,-20343.718,24835.151,0,五组,403
105,10060,"31°02'11.049605""N","121°43'35.106498""E",0.005,-22039.232,24752.416,0,五组,404
106,10991,"31°02'07.251588""N","121°43'45.828344""E",0.005,-22155.528,25037.029,0,五组,405
107,12310,"31°02'18.014855""N","121°43'59.124287""E",0.005,-21823.2,25388.828,0,五组,406
108,12311,"31°03'47.128920""N","121°44'15.862231""E",0.005,-19077.621,25825.942,0,五组,407
109,12316,"31°04'24.223734""N","121°44'15.301965""E",0.005,-17935.224,25808.278,0,五组,408
110,10062,"31°01'42.391542""N","121°45'30.203138""E",0.006,-22914.195,27807.01,0,五组,409
111,10063,"31°02'16.104823""N","121°45'48.447349""E",0.006,-21874.619,28288.077,0,五组,410
112,10064,"31°02'36.743176""N","121°46'38.120873""E",0.006,-21235.382,29603.567,0,五组,411
113,10065,"31°02'34.996670""N","121°47'25.561679""E",0.006,-21285.553,30861.721,0,五组,412
114,10066,"31°03'09.093594""N","121°47'10.359676""E",0.006,-20236.624,30455.563,0,五组,413
115,10067,"31°03'17.705504""N","121°47'47.839325""E",0.006,-19968.473,31448.531,0,五组,414
116,10068,"31°03'18.899806""N","121°49'40.929448""E",0.006,-19922.299,34446.887,0,五组,415
117,12942,"31°05'19.592524""N","121°50'54.016537""E",0.006,-16198.705,36371.864,0,五组,416
118,12314,"31°04'40.935805""N","121°49'43.878967""E",0.006,-17395.517,34516.799,0,五组,417
119,12315,"31°04'34.301036""N","121°47'45.424099""E",0.006,-17609.697,31377.451,0,五组,418
120,10001,"30°52'25.407702""N","121°44'51.234403""E",0.008,-40070.366,26817.102,0,五组,419
121,10002,"30°54'21.107267""N","121°48'39.848084""E",0.008,-36490.052,32878.956,0,五组,420
122,10005,"30°51'13.832151""N","121°49'50.276244""E",0.009,-42251.566,34768.117,0,五组,421
123,12943,"30°51'46.046488""N","121°49'03.048062""E",0.009,-41263.508,33510.144,0,五组,422
124,10007,"30°52'18.885915""N","121°47'45.801719""E",0.009,-40258.451,31454.924,0,五组,423
125,12944,"30°52'17.333487""N","121°49'50.382967""E",0.009,-40295.919,34764.54,0,五组,424
126,12946,"30°52'46.697249""N","121°49'51.690241""E",0.009,-39391.493,34796.298,0,五组,425
127,12951,"30°54'24.622977""N","121°51'09.335485""E",0.009,-36368.704,36848.265,0,五组,426
128,12950,"30°53'39.636665""N","121°50'36.844739""E",0.009,-37757.115,35990.179,0,五组,427
129,12947,"30°57'30.489280""N","121°51'16.085002""E",0.008,-30643.922,37007.469,0,五组,428
130,10015,"30°56'39.353722""N","121°53'04.246061""E",0.009,-32208.32,39884.093,0,五组,429
131,10095,"30°54'24.829379""N","121°52'33.260740""E",0.009,-36354.359,39076.885,0,五组,430
132,10004,"30°52'17.333487""N","121°49'50.382967""E",0.009,-40295.919,34764.54,0,五组,431
133,10009,"30°53'14.685415""N","121°51'39.992951""E",0.009,-38519.708,37670.034,0,五组,432
134,10011,"30°52'22.000537""N","121°51'31.269904""E",0.01,-40143.062,37444.076,0,五组,433
135,10094,"30°53'48.748973""N","121°52'06.005354""E",0.009,-37468.175,38357.138,0,五组,434
136,12949,"30°54'04.994146""N","121°52'21.838166""E",0.009,-36966.341,38775.793,0,五组,435
137,12948,"30°52'02.730286""N","121°54'02.348282""E",0.01,-40721.602,41459.719,0,五组,436
138,12952,"30°53'58.824372""N","121°53'33.219696""E",0.01,-37149.246,40672.175,0,五组,437
139,12956,"30°54'57.989497""N","121°53'45.621075""E",0.009,-35325.861,40994.47,0,五组,438
140,12957,"30°55'12.059104""N","121°54'27.860199""E",0.01,-34888.157,42114.306,0,五组,439
141,12955,"30°54'00.524185""N","121°55'00.892366""E",0.01,-37087.708,43000.298,0,五组,440
142,12954,"30°53'02.496115""N","121°56'20.544270""E",0.011,-38866.018,45123.218,0,五组,441
143,12953,"30°53'59.385603""N","121°57'26.605193""E",0.011,-37106.377,46870.158,0,五组,442
144,12959,"30°53'59.657686""N","121°58'12.114617""E",0.011,-37092.589,48078.723,0,五组,443
145,10018,"31°03'06.422568""N","121°53'05.038137""E",0.007,-20287.473,39860.083,0,五组,444
146,10019,"31°02'26.381744""N","121°54'20.285166""E",0.008,-21512.906,41860.158,0,五组,445
147,10020,"31°01'54.447619""N","121°53'39.563240""E",0.008,-22500.638,40784.093,0,五组,446
1,10102,"31°24'02.052942""N","121°14'17.249317""E",-0.001,18329.998,-21781.518,0,六组,447
2,10103,"31°24'49.021559""N","121°13'05.739656""E",-0.001,19780.655,-23667.392,0,六组,448
3,10104,"31°24'14.362023""N","121°10'48.001355""E",-0.001,18721.948,-27308.371,0,六组,449
4,10105,"31°25'29.775724""N","121°11'47.810272""E",-0.001,21040.669,-25722.757,0,六组,450
5,10106,"31°26'16.964160""N","121°10'47.387335""E",-0.001,22498.057,-27314.811,0,六组,451
6,12700,"31°19'00.757329""N","121°12'36.538800""E",-0.001,9056.201,-24463.484,0,六组,452
7,10109,"31°21'31.964326""N","121°12'57.086637""E",-0.001,13711.974,-23909.668,0,六组,453
8,10110,"31°21'09.302819""N","121°14'21.097457""E",-0.001,13009.244,-21690.751,0,六组,454
9,10111,"31°21'22.489640""N","121°15'15.127979""E",-0.001,13412.56,-20261.894,0,六组,455
10,10112,"31°21'43.259319""N","121°15'18.991554""E",-0.001,14052.051,-20158.564,0,六组,456
11,10113,"31°20'34.058559""N","121°15'29.524343""E",-0.001,11920.215,-19884.192,0,六组,457
12,10114,"31°19'50.333079""N","121°14'38.357477""E",-0.001,10576.139,-21239.419,0,六组,458
13,10115,"31°19'26.681016""N","121°15'17.798645""E",-0.001,9845.648,-20198.092,0,六组,459
14,10116,"31°19'26.505499""N","121°14'59.230953""E",-0.001,9841.188,-20689.014,0,六组,460
15,10119,"31°20'04.421103""N","121°16'07.366553""E",-0.001,11005.589,-18885.503,0,六组,461
16,10121,"31°21'26.682842""N","121°19'03.501330""E",-0.001,13531.918,-14225.822,0,六组,462
17,10122,"31°19'34.525248""N","121°19'39.588164""E",-0.001,10076.366,-13276.351,0,六组,463
18,10123,"31°19'37.523355""N","121°19'00.033470""E",-0.001,10170.054,-14321.987,0,六组,464
19,10125,"31°18'06.865881""N","121°16'44.376166""E",-0.001,7383.341,-17913.207,0,六组,465
20,12701,"31°19'02.290856""N","121°11'49.776861""E",-0.001,9106.357,-25699.804,0,六组,466
21,10136,"31°14'24.013728""N","121°18'53.586684""E",0,514.635,-14505.517,0,六组,467
22,10142,"31°19'57.184227""N","121°11'18.069207""E",-0.001,10799.079,-26533.948,0,六组,468
23,10952,"31°18'00.874654""N","121°10'51.432214""E",-0.001,7218.665,-27247.355,0,六组,469
24,10953,"31°17'13.743641""N","121°10'59.163144""E",-0.001,5766.565,-27046.608,0,六组,470
25,10152,"31°17'13.357560""N","121°11'56.605231""E",-0.001,5750.91,-25527.33,0,六组,471
26,10158,"31°15'40.281686""N","121°16'22.810441""E",-0.001,2869.728,-18491.35,0,六组,472
27,10177,"31°17'03.751103""N","121°21'28.228808""E",0,5429.553,-10408.565,0,六组,473
28,10178,"31°16'19.865347""N","121°22'07.732984""E",0,4076.979,-9364.851,0,六组,474
29,10181,"31°16'02.561771""N","121°21'41.702456""E",0,3544.674,-10053.944,0,六组,475
30,15161,"31°17'01.793828""N","121°23'48.137487""E",0,5366.347,-6708.017,0,六组,476
31,10804,"31°14'37.888446""N","121°17'54.066501""E",0,944.205,-16079.923,0,六组,477
32,10957,"31°15'23.852106""N","121°18'44.039178""E",0,2357.907,-14755.627,0,六组,478
33,10951,"31°16'55.670934""N","121°17'36.628953""E",-0.001,5188.401,-16534.773,0,六组,479
34,12702,"31°18'57.500368""N","121°11'53.322330""E",-0.001,8958.589,-25606.415,0,六组,480
35,12703,"31°19'11.064915""N","121°11'24.819633""E",-0.001,9378.209,-26359.024,0,六组,481
36,12704,"31°19'33.665633""N","121°11'11.184287""E",-0.001,10075.189,-26717.79,0,六组,482
37,10811,"31°17'26.510328""N","121°09'49.827964""E",-0.001,6164.6,-28879.408,0,六组,483
38,10815,"31°19'20.505836""N","121°11'46.672419""E",-0.001,9667.557,-25780.523,0,六组,484
39,10817,"31°15'57.888668""N","121°17'54.759474""E",-0.001,3408.06,-16057.884,0,六组,485
40,10943,"31°18'37.615372""N","121°10'24.842633""E",-0.001,8352.067,-27947.55,0,六组,486
41,10944,"31°19'35.875539""N","121°11'27.983045""E",-0.001,10142.141,-26273.487,0,六组,487
42,10945,"31°20'12.893454""N","121°11'07.519975""E",-0.001,11283.609,-26811.609,0,六组,488
43,10954,"31°14'07.616983""N","121°28'01.742432""E",0.001,0.001,0.001,0,六组,489
44,10960,"31°17'10.525642""N","121°22'29.015875""E",0,5636.768,-8800.577,0,六组,490
45,10961,"31°16'59.341052""N","121°23'40.528794""E",0,5290.931,-6909.316,0,六组,491
46,10963,"31°14'05.802218""N","121°22'19.657693""E",0,-52.219,-9052.854,0,六组,492
47,12707,"31°15'52.127931""N","121°21'39.038157""E",0,3223.394,-10124.729,0,六组,493
48,10967,"31°17'05.912641""N","121°22'53.305286""E",0,5494.192,-8158.242,0,六组,494
49,10970,"31°15'58.838174""N","121°16'58.426681""E",-0.001,3439.649,-17548.128,0,六组,495
50,10971,"31°15'57.868611""N","121°17'17.957489""E",-0.001,3408.95,-17031.487,0,六组,496
51,12000,"31°20'42.660037""N","121°10'48.529812""E",-0.001,12201.673,-27311.256,0,六组,497
52,12001,"31°25'14.853539""N","121°15'53.420068""E",-0.001,20567.279,-19236.847,0,六组,498
53,12002,"31°25'11.395682""N","121°15'42.788141""E",-0.001,20461.293,-19517.853,0,六组,499
54,12003,"31°24'59.507458""N","121°16'22.982473""E",-0.001,20093.242,-18456.871,0,六组,500
55,12004,"31°25'10.359659""N","121°16'51.319130""E",-0.001,20426.205,-17707.854,0,六组,501
56,12005,"31°24'47.089585""N","121°16'58.366934""E",-0.001,19709.195,-17522.889,0,六组,502
57,12006,"31°23'43.901641""N","121°13'50.362766""E",-0.001,17772.439,-22492.984,0,六组,503
58,12007,"31°24'19.663086""N","121°13'22.149536""E",-0.001,18875.474,-23235.93,0,六组,504
59,12008,"31°20'46.678096""N","121°14'21.624298""E",-0.001,12312.398,-21678.251,0,六组,505
60,12009,"31°20'06.179290""N","121°14'54.174254""E",-0.001,11063.356,-20820.312,0,六组,506
61,12010,"31°23'16.733530""N","121°13'01.604013""E",-0.001,16938.501,-23783.025,0,六组,507
62,12011,"31°20'15.331992""N","121°15'32.587455""E",-0.001,11343.306,-19804.298,0,六组,508
63,12012,"31°21'33.626685""N","121°15'20.049019""E",-0.001,13755.322,-20131.18,0,六组,509
64,12013,"31°21'31.198969""N","121°15'24.746013""E",-0.001,13680.316,-20007.184,0,六组,510
65,12014,"31°24'34.038891""N","121°13'00.648517""E",-0.001,19319.502,-23802.909,0,六组,511
66,12015,"31°24'15.716175""N","121°10'47.710871""E",-0.001,18763.674,-27315.936,0,六组,512
67,12016,"31°23'41.145430""N","121°10'07.463899""E",-0.001,17701.726,-28381.988,0,六组,513
68,12017,"31°23'33.404015""N","121°09'47.162128""E",-0.001,17464.752,-28918.999,0,六组,514
69,12018,"31°24'03.749713""N","121°10'10.271198""E",-0.001,18397.722,-28305.954,0,六组,515
70,12019,"31°24'02.615829""N","121°11'57.513750""E",-0.001,18355.584,-25472.956,0,六组,516
71,12020,"31°24'00.941149""N","121°12'37.150881""E",-0.001,18301.533,-24425.958,0,六组,517
72,12021,"31°23'00.354854""N","121°12'20.431001""E",-0.001,16436.554,-24872.049,0,六组,518
73,12022,"31°22'09.337422""N","121°13'41.396226""E",-0.001,14860.45,-22736.127,0,六组,519
74,12023,"31°22'50.814493""N","121°13'14.008109""E",-0.001,16139.485,-23457.064,0,六组,520
75,12024,"31°22'01.490644""N","121°13'29.344421""E",-0.001,14619.465,-23055.139,0,六组,521
76,12025,"31°21'15.816609""N","121°14'11.000574""E",-0.001,13210.411,-21957.207,0,六组,522
77,12034,"31°19'03.252176""N","121°11'02.645336""E",-0.001,9139.061,-26945.93,0,六组,523
78,12045,"31°17'04.084903""N","121°17'21.535786""E",-0.001,5448.165,-16933.586,0,六组,524
79,12108,"31°19'51.053830""N","121°14'37.602487""E",-0.001,10598.377,-21259.335,0,六组,525
80,12109,"31°19'30.168739""N","121°14'52.514599""E",-0.001,9954.358,-20866.366,0,六组,526
81,12110,"31°18'22.895516""N","121°10'24.966643""E",-0.001,7898.704,-27945.467,0,六组,527
82,12111,"31°18'01.206415""N","121°10'24.994218""E",-0.001,7230.704,-27946.499,0,六组,528
83,12112,"31°18'01.351212""N","121°10'17.128585""E",-0.001,7235.714,-28154.5,0,六组,529
84,12113,"31°18'10.959017""N","121°10'15.813728""E",-0.001,7531.715,-28188.485,0,六组,530
85,12114,"31°18'11.383740""N","121°10'31.581074""E",-0.001,7543.695,-27771.484,0,六组,531
86,12115,"31°17'21.768278""N","121°10'30.179493""E",-0.001,6015.697,-27812.558,0,六组,532
87,12116,"31°17'20.728324""N","121°09'32.637525""E",-0.001,5987.771,-29334.561,0,六组,533
88,12117,"31°17'06.512475""N","121°09'34.988783""E",-0.001,5549.769,-29273.582,0,六组,534
89,12118,"31°15'41.296778""N","121°18'19.514950""E",0,2896.091,-15403.71,0,六组,535
90,12705,"31°15'04.315689""N","121°18'48.524976""E",0,1756.053,-14637.766,0,六组,536
91,12706,"31°14'44.615760""N","121°18'56.415856""E",0,1149.043,-14429.796,0,六组,537
92,12121,"31°15'57.876390""N","121°17'18.441340""E",-0.001,3409.169,-17018.686,0,六组,538
93,12122,"31°15'57.687073""N","121°16'58.445596""E",-0.001,3404.195,-17547.686,0,六组,539
94,12123,"31°15'57.671695""N","121°16'47.332494""E",-0.001,3404.21,-17841.686,0,六组,540
95,12124,"31°14'03.767660""N","121°17'59.721177""E",0,-106.884,-15931.857,0,六组,541
96,12125,"31°14'08.106259""N","121°22'19.633603""E",0,18.742,-9053.432,0,六组,542
97,12150,"31°15'14.560079""N","121°21'19.613896""E",0,2066.858,-10639.751,0,六组,543
98,12152,"31°15'31.926693""N","121°23'08.112460""E",0,2599.28,-7768.663,0,六组,544
99,12153,"31°15'35.565597""N","121°22'15.768407""E",0,2712.433,-9153.441,0,六组,545
100,12154,"31°16'03.729083""N","121°20'58.544626""E",0,3581.752,-11195.636,0,六组,546
101,12155,"31°16'30.500098""N","121°18'31.479916""E",-0.001,4411.028,-15085.022,0,六组,547
1,10137,"31°01'22.393530""N","120°57'59.626462""E",0.001,-23460.733,-47796.7,0,六组,548
2,10138,"31°01'14.133037""N","120°59'08.139525""E",0.001,-23723.121,-45980.612,0,六组,549
3,10139,"31°01'17.922833""N","121°01'54.935444""E",0.001,-23624.537,-41556.106,0,六组,550
4,10140,"31°00'32.216896""N","121°05'59.860907""E",0.001,-25055.453,-35064.475,0,六组,551
5,10154,"31°09'43.192709""N","121°07'50.250256""E",0,-8095.79,-32085.152,0,六组,552
6,10155,"31°10'04.655360""N","121°08'29.380120""E",0,-7437.853,-31046.897,0,六组,553
7,10156,"31°09'45.386669""N","121°08'25.306205""E",0,-8030.979,-31156.522,0,六组,554
8,10162,"31°12'08.867383""N","121°18'30.346313""E",0,-3646.789,-15126.389,0,六组,555
9,10163,"31°12'14.802078""N","121°18'33.353798""E",0,-3464.123,-15046.516,0,六组,556
10,10167,"31°12'10.879707""N","121°19'00.750920""E",0,-3585.918,-14321.409,0,六组,557
11,10171,"31°11'14.446399""N","121°16'15.420564""E",0,-5317.211,-18701.195,0,六组,558
12,10173,"31°08'14.213383""N","121°06'52.941548""E",0,-10831.504,-33611.587,0,六组,559
13,10174,"31°10'55.223230""N","121°08'31.806088""E",0,-5880.64,-30978.116,0,六组,560
14,10175,"31°10'55.838016""N","121°08'53.025856""E",0,-5863.327,-30416.19,0,六组,561
15,10188,"31°05'26.948454""N","121°03'27.256902""E",0,-15964.339,-39079.332,0,六组,562
16,10189,"31°05'15.171187""N","121°03'37.723672""E",0,-16328.068,-38803.239,0,六组,563
17,10190,"31°05'46.527768""N","121°03'24.762662""E",0,-15361.093,-39143.224,0,六组,564
18,10191,"31°09'55.594574""N","121°12'52.550379""E",0,-7734.939,-24078.097,0,六组,565
19,10197,"31°08'57.101410""N","121°15'14.578044""E",0,-9544.231,-20320.169,0,六组,566
20,10301,"31°10'35.978911""N","121°13'30.581898""E",0,-6493.403,-23068.211,0,六组,567
21,10302,"31°10'37.452327""N","121°13'09.542288""E",0,-6446.805,-23625.242,0,六组,568
22,10306,"31°13'08.321785""N","121°12'47.787416""E",-0.001,-1798.998,-24190.759,0,六组,569
23,12142,"31°11'39.985651""N","121°12'56.019019""E",0,-4520.093,-23979.006,0,六组,570
24,10309,"31°10'35.514480""N","121°13'09.718249""E",0,-6506.498,-23620.714,0,六组,571
25,10310,"31°11'09.773213""N","121°15'58.755109""E",0,-5460.356,-19142.706,0,六组,572
26,10317,"31°10'24.613715""N","121°13'37.439879""E",0,-6843.821,-22887.361,0,六组,573
27,10318,"31°09'09.150851""N","121°14'53.170100""E",0,-9172.04,-20886.492,0,六组,574
28,10722,"31°11'03.933478""N","121°14'20.149219""E",0,-5635.211,-21753.908,0,六组,575
29,10723,"31°10'38.820649""N","121°13'35.685459""E",0,-6406.174,-22932.88,0,六组,576
30,10724,"31°11'10.929080""N","121°16'01.953235""E",0,-5424.909,-19057.964,0,六组,577
31,10725,"31°10'15.778033""N","121°13'11.063108""E",0,-7114.422,-23586.446,0,六组,578
32,10726,"31°09'45.464489""N","121°12'57.224839""E",0,-8047.205,-23955.003,0,六组,579
33,10728,"31°09'14.616786""N","121°14'20.154033""E",0,-9001.956,-21760.639,0,六组,580
34,10729,"31°12'10.170208""N","121°18'45.348708""E",0,-3607.217,-14729.178,0,六组,581
35,10872,"31°12'42.322148""N","121°20'46.589306""E",0,-2620.914,-11518.546,0,六组,582
36,10942,"31°09'36.379095""N","121°21'40.001356""E",0.001,-8349.019,-10110.064,0,六组,583
37,10739,"31°11'53.420717""N","121°18'17.511262""E",0,-4122.033,-15466.856,0,六组,584
38,10744,"31°11'07.884264""N","121°19'26.989463""E",0,-5526.964,-13629.264,0,六组,585
39,10746,"31°10'37.232390""N","121°06'04.553140""E",0,-6422.651,-34879.008,0,六组,586
40,10747,"31°10'35.485832""N","121°07'26.160016""E",0,-6483.312,-32718.211,0,六组,587
41,10748,"31°08'10.134994""N","121°07'01.322009""E",0,-10957.809,-33389.972,0,六组,588
42,10750,"30°58'25.683485""N","121°00'03.625417""E",0.002,-28917.206,-44530.528,0,六组,589
43,10871,"31°11'40.526281""N","121°18'35.426267""E",0,-4519.832,-14993.128,0,六组,590
44,10876,"31°02'47.351956""N","121°01'57.310126""E",0.001,-20870.567,-41482.419,0,六组,591
45,10877,"30°59'54.718567""N","121°00'25.460776""E",0.002,-26177.538,-43939.82,0,六组,592
46,10878,"31°01'10.503639""N","121°00'01.423503""E",0.001,-23840.892,-44567.787,0,六组,593
47,10882,"30°58'41.406173""N","121°00'11.119591""E",0.002,-28433.812,-44329.651,0,六组,594
48,10912,"31°11'12.316291""N","121°17'32.952512""E",0,-5386.205,-16648.476,0,六组,595
49,10913,"31°11'13.912770""N","121°17'49.087234""E",0,-5337.692,-16221.198,0,六组,596
50,10914,"31°13'05.016119""N","121°19'20.426602""E",0,-1919.295,-13798.398,0,六组,597
51,10915,"31°11'16.682516""N","121°16'06.381379""E",0,-5247.922,-18940.404,0,六组,598
52,10916,"31°12'12.902383""N","121°15'51.803935""E",0,-3515.761,-19323.239,0,六组,599
53,10917,"31°12'17.914205""N","121°19'11.386647""E",0,-3369.64,-14039.569,0,六组,600
54,10918,"31°12'39.215898""N","121°18'26.631714""E",0,-2711.97,-15223.398,0,六组,601
55,10919,"31°11'17.335466""N","121°18'08.873368""E",0,-5233.059,-15697.164,0,六组,602
56,10920,"31°12'26.547535""N","121°15'53.442804""E",0,-3095.593,-19279.095,0,六组,603
57,10921,"31°13'51.942544""N","121°17'52.405960""E",0,-470.788,-16125.996,0,六组,604
58,10922,"31°12'37.374310""N","121°18'52.778732""E",0,-2769.648,-14531.349,0,六组,605
59,10926,"31°10'12.117739""N","121°21'18.297421""E",0,-7247.789,-10683.797,0,六组,606
60,12242,"31°09'57.848909""N","121°20'50.314263""E",0,-7686.482,-11425.309,0,六组,607
61,12147,"31°13'09.149186""N","121°17'44.865159""E",0,-1788.448,-16327.574,0,六组,608
62,12149,"31°12'54.544210""N","121°16'55.970883""E",0,-2236.202,-17622.46,0,六组,609
63,10928,"31°10'14.163446""N","121°21'23.645487""E",0,-7184.924,-10542.109,0,六组,610
64,10929,"31°09'35.942309""N","121°20'57.627883""E",0.001,-8361.364,-11232.324,0,六组,611
65,10930,"31°01'31.703746""N","120°57'44.818491""E",0.001,-23172.232,-48188.159,0,六组,612
66,10931,"31°11'15.588349""N","121°06'28.368544""E",0,-5243.402,-34244.566,0,六组,613
67,10932,"31°09'09.165845""N","121°08'53.019850""E",0,-9148.636,-30425.738,0,六组,614
68,10933,"31°02'57.036102""N","121°02'15.416114""E",0.001,-20574.172,-41001.165,0,六组,615
69,10935,"30°58'13.921442""N","121°01'20.065554""E",0.002,-29287.698,-42503.499,0,六组,616
70,10937,"31°10'52.320505""N","121°07'11.696661""E",0,-5963.647,-33099.591,0,六组,617
71,10939,"31°09'09.166999""N","121°08'25.304166""E",0,-9146.478,-31159.841,0,六组,618
72,10940,"31°10'38.689420""N","121°16'34.115572""E",0,-6419.313,-18208.079,0,六组,619
73,12130,"31°01'42.499571""N","121°02'15.411928""E",0.001,-22869.729,-41010.094,0,六组,620
74,12131,"31°01'42.499571""N","121°02'15.411928""E",0.001,-22869.729,-41010.094,0,六组,621
75,12132,"31°01'42.499571""N","121°02'15.411928""E",0.001,-22869.729,-41010.094,0,六组,622
76,12133,"31°01'42.499571""N","121°02'15.411928""E",0.001,-22869.729,-41010.094,0,六组,623
77,12135,"31°09'46.459882""N","121°05'39.012606""E",0,-7984.116,-35560.556,0,六组,624
78,12136,"31°10'53.829987""N","121°13'52.302706""E",0,-5944.851,-22491.882,0,六组,625
79,12137,"31°10'16.689890""N","121°14'23.448409""E",0,-7090.402,-21669.505,0,六组,626
80,12138,"31°10'40.519689""N","121°14'33.802452""E",0,-6357.042,-21393.843,0,六组,627
81,12139,"31°10'37.824026""N","121°16'23.654672""E",0,-6445.491,-18485.129,0,六组,628
82,12140,"31°13'31.445984""N","121°11'46.582051""E",-0.001,-1083.004,-25809.036,0,六组,629
83,12145,"31°12'06.847867""N","121°18'17.994999""E",0,-3708.52,-15453.454,0,六组,630
1,12599,"30°51'49.448850""N","121°04'17.445278""E",0.003,-41146,-37838,0,七组,631
2,12598,"30°51'51.949377""N","121°04'28.275679""E",0.003,-41070,-37550,0,七组,632
3,12597,"30°51'45.487828""N","121°04'50.057908""E",0.004,-41271,-36972,0,七组,633
4,12596,"30°52'08.563978""N","121°05'42.214168""E",0.003,-40565,-35584,0,七组,634
5,12595,"30°52'12.996476""N","121°05'59.475447""E",0.003,-40430,-35125,0,七组,635
6,12594,"30°52'29.130364""N","121°07'46.100558""E",0.003,-39942,-32291,0,七组,636
7,12592,"30°52'32.764236""N","121°08'10.331632""E",0.003,-39832,-31647,0,七组,637
8,12591,"30°52'40.461382""N","121°09'03.349137""E",0.003,-39599,-30238,0,七组,638
9,12590,"30°53'07.637148""N","121°11'25.349372""E",0.003,-38772,-26464,0,七组,639
10,12589,"30°52'51.841573""N","121°11'18.429515""E",0.003,-39258,-26649,0,七组,640
11,12476,"30°53'55.748624""N","121°03'00.905533""E",0.003,-37249,-39857,0,七组,641
12,12475,"30°53'02.838848""N","121°03'16.569156""E",0.003,-38880,-39447,0,七组,642
13,12474,"30°52'41.049622""N","121°03'16.134855""E",0.003,-39551,-39461,0,七组,643
14,12473,"30°51'31.658599""N","121°03'46.917515""E",0.004,-41691,-38651,0,七组,644
15,12472,"30°51'38.484109""N","121°04'20.877547""E",0.004,-41484,-37748,0,七组,645
16,12588,"30°56'32.076550""N","121°05'13.023574""E",0.002,-32447,-36332,0,七组,646
17,12561,"30°54'40.908496""N","121°03'19.201769""E",0.003,-35860,-39366,0,七组,647
18,12562,"30°54'15.385888""N","121°03'18.971420""E",0.003,-36646,-39375,0,七组,648
19,12563,"30°53'59.416812""N","121°06'04.306370""E",0.003,-37153,-34986,0,七组,649
20,10400,"30°47'29.207583""N","121°26'33.924298""E",0.006,-49226.381,-2333.588,0,七组,650
21,10570,"30°47'06.646580""N","121°25'37.299796""E",0.006,-49920.776,-3839.274,0,七组,651
22,10572,"30°47'07.207283""N","121°26'54.332950""E",0.006,-49903.997,-1791.089,0,七组,652
23,10573,"30°47'09.525186""N","121°27'39.175581""E",0.006,-49832.719,-598.798,0,七组,653
24,10574,"30°48'09.231377""N","121°25'24.911402""E",0.006,-47993.288,-4167.957,0,七组,654
25,10575,"30°47'18.459936""N","121°27'15.397719""E",0.006,-49557.524,-1230.981,0,七组,655
26,10576,"30°48'03.227816""N","121°28'12.092051""E",0.006,-48178.875,276.306,0,七组,656
27,10577,"30°47'47.500998""N","121°28'20.935403""E",0.006,-48663.187,511.432,0,七组,657
28,10578,"30°47'10.362524""N","121°27'36.091907""E",0.006,-49806.929,-680.786,0,七组,658
29,10579,"30°47'02.322480""N","121°27'42.675138""E",0.006,-50054.537,-505.756,0,七组,659
30,10580,"30°47'05.257611""N","121°27'51.767852""E",0.006,-49964.149,-263.993,0,七组,660
31,10581,"30°48'08.124931""N","121°25'24.579530""E",0.006,-48027.359,-4176.792,0,七组,661
32,10582,"30°49'13.653463""N","121°25'12.299412""E",0.005,-46009.2,-4502.442,0,七组,662
33,10583,"30°47'08.938829""N","121°25'36.117324""E",0.006,-49850.173,-3870.69,0,七组,663
34,12478,"30°47'46.557117""N","121°26'19.385610""E",0.006,-48692,-2720,0,七组,664
35,12477,"30°47'38.740585""N","121°27'44.019110""E",0.006,-48933,-470,0,七组,665
36,12479,"30°48'38.650568""N","121°27'57.297761""E",0.006,-47088,-117,0,七组,666
37,10398,"30°49'07.325349""N","121°20'18.424920""E",0.005,-46198.135,-12313.442,0,七组,667
38,10399,"30°48'36.219936""N","121°20'26.178502""E",0.005,-47156.297,-12108.42,0,七组,668
39,10561,"30°49'10.855027""N","121°20'17.749007""E",0.005,-46089.413,-12331.285,0,七组,669
40,10566,"30°49'13.123239""N","121°20'42.912486""E",0.005,-46020.294,-11662.394,0,七组,670
41,10567,"30°49'34.442609""N","121°21'42.964342""E",0.005,-45365.318,-10065.693,0,七组,671
42,10568,"30°49'33.522890""N","121°21'41.744611""E",0.005,-45393.612,-10098.136,0,七组,672
43,12484,"30°49'19.786705""N","121°21'28.641682""E",0.005,-45816.31,-10446.777,0,七组,673
44,10586,"30°49'14.775615""N","121°20'54.777169""E",0.005,-45969.739,-11346.994,0,七组,674
45,10587,"30°49'16.917305""N","121°20'56.216389""E",0.005,-45903.822,-11308.673,0,七组,675
46,12486,"30°50'15.037706""N","121°19'17.274501""E",0.005,-44110.884,-13936.101,0,七组,676
47,12485,"30°50'14.238665""N","121°19'16.813216""E",0.005,-44135.476,-13948.391,0,七组,677
48,12488,"30°50'22.712778""N","121°18'34.366843""E",0.004,-43873,-15076,0,七组,678
49,12487,"30°52'56.445410""N","121°20'51.611432""E",0.004,-39143,-11424,0,七组,679
50,12494,"30°48'04.244153""N","121°21'00.391228""E",0.005,-48142,-11200,0,七组,680
51,12465,"30°49'39.470617""N","121°20'12.529793""E",0.005,-45208,-12469,0,七组,681
52,12490,"30°50'09.247715""N","121°19'41.520738""E",0.005,-44290,-13292,0,七组,682
53,12491,"30°49'09.743670""N","121°19'26.028511""E",0.005,-46122,-13706,0,七组,683
54,12493,"30°47'57.662024""N","121°20'01.793340""E",0.005,-48343,-12758,0,七组,684
55,12492,"30°47'55.763044""N","121°19'46.523911""E",0.005,-48401,-13164,0,七组,685
56,12489,"30°50'10.444126""N","121°18'38.977445""E",0.005,-44251,-14954,0,七组,686
57,10384,"30°44'52.972229""N","121°21'27.730058""E",0.006,-54033.15,-10478.84,0,七组,687
58,10385,"30°44'35.563203""N","121°20'49.908814""E",0.007,-54568.273,-11485.391,0,七组,688
59,10390,"30°44'35.108287""N","121°20'46.923699""E",0.007,-54582.2,-11564.81,0,七组,689
60,10391,"30°44'44.885744""N","121°21'49.939839""E",0.007,-54282.728,-9888.315,0,七组,690
61,10392,"30°44'51.125949""N","121°21'34.447336""E",0.006,-54090.177,-10300.223,0,七组,691
62,12482,"30°46'48.098068""N","121°21'00.030004""E",0.006,-50487,-11212,0,七组,692
63,12481,"30°48'02.198185""N","121°21'00.092718""E",0.005,-48205,-11208,0,七组,693
64,12483,"30°44'44.421558""N","121°21'48.974705""E",0.007,-54297,-9914,0,七组,694
65,10353,"30°43'41.588567""N","121°16'26.555339""E",0.006,-56220.863,-18493.393,0,七组,695
66,10386,"30°46'23.306245""N","121°18'57.268870""E",0.006,-51246.66,-14477.204,0,七组,696
67,10387,"30°46'24.802551""N","121°18'53.752083""E",0.006,-51200.455,-14570.66,0,七组,697
68,10388,"30°45'57.679521""N","121°19'01.903199""E",0.006,-52036.026,-14355.007,0,七组,698
69,10389,"30°43'58.256849""N","121°19'38.652427""E",0.007,-55715.009,-13382.208,0,七组,699
70,12480,"30°42'36.391167""N","121°16'33.763462""E",0.007,-58229,-18305,0,七组,700
71,12579,"30°54'40.879740""N","121°13'46.984993""E",0.003,-35909,-22696,0,七组,701
72,12578,"30°54'36.781163""N","121°13'08.093102""E",0.003,-36033,-23729,0,七组,702
73,10356,"30°58'57.120116""N","121°11'40.649587""E",0.002,-28009.958,-26031.559,0,七组,703
74,10533,"30°59'12.752381""N","121°12'32.892771""E",0.002,-27531.797,-24644.233,0,七组,704
75,10542,"30°57'40.170321""N","121°11'28.010820""E",0.002,-30378.978,-26372.734,0,七组,705
76,12521,"30°57'40.236306""N","121°11'26.217804""E",0.002,-30376.829,-26420.315,0,七组,706
77,10544,"30°55'39.569065""N","121°11'45.888714""E",0.003,-34094.296,-25907.201,0,七组,707
78,12495,"30°58'55.441900""N","121°10'25.611762""E",0.002,-28056.629,-28022.749,0,七组,708
79,10546,"30°55'38.985836""N","121°11'46.575312""E",0.003,-34112.302,-25889.016,0,七组,709
80,10547,"30°56'31.223619""N","121°10'34.480848""E",0.002,-32498.756,-27798.909,0,七组,710
81,10548,"30°55'50.411863""N","121°11'45.199381""E",0.003,-33760.326,-25924.698,0,七组,711
82,10550,"30°56'35.770484""N","121°10'31.963802""E",0.002,-32358.553,-27865.362,0,七组,712
83,10552,"30°55'36.719724""N","121°11'46.383305""E",0.003,-34182.079,-25894.281,0,七组,713
84,12519,"30°58'57.139056""N","121°13'22.728142""E",0.002,-28015.595,-23323.005,0,七组,714
85,12452,"30°58'57.055203""N","121°13'15.120686""E",0.002,-28017.738,-23524.866,0,七组,715
86,12520,"30°58'55.974070""N","121°12'38.198520""E",0.002,-28048.845,-24504.635,0,七组,716
87,10901,"30°58'50.058254""N","121°09'49.003674""E",0.002,-28219.85,-28994.563,0,七组,717
88,10911,"30°58'54.951143""N","121°09'40.629088""E",0.002,-28068.559,-29216.369,0,七组,718
89,12518,"30°59'13.336263""N","121°12'19.595691""E",0.002,-27513,-24997,0,七组,719
90,12504,"30°58'53.427236""N","121°15'36.150110""E",0.002,-28137,-19783,0,七组,720
91,12501,"31°02'21.843455""N","121°19'07.521707""E",0.002,-21727.171,-14166.011,0,七组,721
92,10502,"31°01'03.519080""N","121°15'54.722171""E",0.002,-24131.422,-19283.029,0,七组,722
93,10503,"31°00'41.185050""N","121°17'19.273336""E",0.002,-24823.032,-17041.462,0,七组,723
94,10504,"31°00'55.457997""N","121°17'53.928640""E",0.002,-24384.877,-16121.541,0,七组,724
95,12464,"31°02'22.698658""N","121°19'06.962824""E",0.002,-21700.814,-14180.797,0,七组,725
96,12457,"31°01'45.039101""N","121°18'14.050135""E",0.002,-22858.695,-15585.617,0,七组,726
97,12498,"31°01'05.988487""N","121°18'04.977365""E",0.002,-24061,-15828,0,七组,727
98,12503,"31°01'50.452188""N","121°18'14.403676""E",0.002,-22692,-15576,0,七组,728
99,12502,"31°02'10.325371""N","121°17'25.349026""E",0.001,-22078,-16876,0,七组,729
100,12500,"31°00'56.170495""N","121°19'17.077660""E",0.002,-24366,-13916,0,七组,730
101,12499,"31°01'03.217075""N","121°20'19.990774""E",0.002,-24151,-12247,0,七组,731
102,10540,"31°01'49.942439""N","121°09'57.851690""E",0.001,-22680.518,-28744.923,0,七组,732
103,10541,"31°01'53.852313""N","121°10'03.278340""E",0.001,-22560.489,-28600.682,0,七组,733
104,10553,"31°01'47.440287""N","121°09'58.842669""E",0.001,-22757.648,-28718.848,0,七组,734
105,10555,"31°01'49.759093""N","121°09'49.097598""E",0.001,-22685.538,-28977.103,0,七组,735
106,12526,"31°02'36.281573""N","121°08'57.931744""E",0.001,-21249,-30330,0,七组,736
107,12525,"31°01'08.310982""N","121°07'49.754940""E",0.001,-23953,-32146,0,七组,737
108,12524,"31°00'23.405608""N","121°08'02.728415""E",0.001,-25337,-31806,0,七组,738
109,12523,"30°59'41.806021""N","121°07'35.620328""E",0.002,-26616,-32529,0,七组,739
110,12522,"30°59'20.913868""N","121°08'08.031956""E",0.002,-27262,-31671,0,七组,740
111,10536,"31°06'34.038709""N","121°10'34.951479""E",0,-13933.606,-27738.305,0,七组,741
112,10537,"31°06'36.024010""N","121°10'35.646500""E",0,-13872.51,-27719.729,0,七组,742
113,10896,"31°04'00.505218""N","121°09'52.876372""E",0.001,-18659.142,-28866.022,0,七组,743
114,10897,"31°04'13.288010""N","121°09'53.073760""E",0.001,-18265.476,-28859.726,0,七组,744
115,10898,"31°06'32.603563""N","121°09'40.807750""E",0,-13973.981,-29173.173,0,七组,745
116,10532,"31°00'13.317521""N","121°11'24.707549""E",0.002,-25662.249,-26448.781,0,七组,746
117,10886,"31°00'55.510989""N","121°12'08.957883""E",0.001,-24365.631,-25271.84,0,七组,747
118,10890,"31°00'55.422422""N","121°12'10.087959""E",0.001,-24368.429,-25241.872,0,七组,748
119,10902,"31°00'56.431669""N","121°12'08.477695""E",0.001,-24337.246,-25284.51,0,七组,749
120,12451,"31°06'19.011508""N","121°13'33.432788""E",0,-14407.64,-23009.755,0,七组,750
121,12517,"31°06'19.341390""N","121°13'33.858037""E",0,-14397.504,-22998.465,0,七组,751
122,12516,"31°05'27.164453""N","121°14'20.112187""E",0.001,-16007,-21776,0,七组,752
123,12515,"31°05'48.015942""N","121°14'42.287384""E",0.001,-15366,-21187,0,七组,753
124,12514,"31°03'51.069818""N","121°15'08.167586""E",0.001,-18969,-20508,0,七组,754
125,12513,"31°04'08.217448""N","121°15'30.309810""E",0.001,-18442,-19920,0,七组,755
126,12463,"31°07'08.885291""N","121°14'38.488861""E",0,-12875.203,-21282.719,0,七组,756
127,12462,"31°07'08.896655""N","121°14'35.969191""E",0,-12874.72,-21349.48,0,七组,757
128,12461,"31°07'08.494380""N","121°14'36.336909""E",0,-12887.129,-21339.762,0,七组,758
129,10589,"31°07'21.215279""N","121°16'49.205139""E",0.001,-12501.786,-17818.619,0,七组,759
130,10595,"31°07'21.216648""N","121°16'49.213959""E",0.001,-12501.744,-17818.386,0,七组,760
131,10557,"31°07'21.009013""N","121°16'48.139567""E",0.001,-12508.091,-17846.862,0,七组,761
132,12528,"31°01'20.415904""N","121°12'14.991638""E",0.001,-23599,-25110,0,七组,762
133,12527,"31°02'07.975529""N","121°12'45.497316""E",0.001,-22136.148,-24297.58,0,七组,763
134,12450,"31°02'09.118645""N","121°12'46.088210""E",0.001,-22100.979,-24281.83,0,七组,764
135,10311,"31°02'44.909234""N","121°14'13.325931""E",0.001,-21003.706,-21966.098,0,七组,765
136,10888,"31°03'32.805092""N","121°13'53.934269""E",0.001,-19527.566,-22477.205,0,七组,766
137,10889,"31°03'32.810739""N","121°13'53.992380""E",0.001,-19527.395,-22475.664,0,七组,767
138,10891,"31°03'32.817079""N","121°13'53.991660""E",0.001,-19527.2,-22475.682,0,七组,768
139,12511,"31°09'08.279897""N","121°17'11.638766""E",0,-9205.392,-17218.944,0,七组,769
140,12512,"31°08'32.243842""N","121°17'53.530052""E",0,-10316.952,-16111.042,0,七组,770
141,12510,"31°08'47.665586""N","121°18'46.320248""E",0,-9844,-14712,0,七组,771
142,12509,"31°06'51.849717""N","121°19'18.205646""E",0.001,-13412,-13872,0,七组,772
143,10903,"31°06'14.210642""N","121°18'59.759993""E",0.001,-14570.558,-14362.307,0,七组,773
144,10904,"31°05'37.481350""N","121°18'02.637113""E",0.001,-15699.609,-15877.748,0,七组,774
145,10364,"31°06'14.210642""N","121°18'59.759993""E",0.001,-14570.558,-14362.307,0,七组,775
146,12506,"31°05'44.092318""N","121°19'24.910107""E",0.001,-15499,-13697,0,七组,776
147,12505,"31°04'51.116771""N","121°20'44.892694""E",0.001,-17133,-11579,0,七组,777
148,10358,"31°04'39.285942""N","121°18'36.419275""E",0.001,-17493.173,-14984.908,0,七组,778
149,12508,"31°04'20.901963""N","121°17'58.445548""E",0.001,-18057.908,-15992.341,0,七组,779
150,10362,"31°04'14.067175""N","121°17'34.628602""E",0.001,-18267.446,-16624.03,0,七组,780
151,10365,"31°04'04.437862""N","121°16'56.478607""E",0.001,-18562.395,-17635.856,0,七组,781
152,12507,"31°04'05.842943""N","121°16'54.556176""E",0.001,-18519.038,-17686.749,0,七组,782
153,10366,"31°04'52.688830""N","121°20'51.953200""E",0.001,-17084.783,-11391.799,0,七组,783
154,12453,"31°04'48.273131""N","121°18'43.417571""E",0.001,-17216.646,-14799.02,0,七组,784
155,12497,"31°06'15.925450""N","121°18'42.046648""E",0.001,-14517.109,-14831.642,0,七组,785
156,12496,"31°07'15.816642""N","121°19'00.762128""E",0.001,-12673.267,-14333.225,0,七组,786
157,12456,"31°06'24.486481""N","121°19'29.097004""E",0.001,-14255.093,-13584.47,0,七组,787
158,12455,"31°06'51.846829""N","121°19'18.113831""E",0.001,-13412.086,-13874.433,0,七组,788
159,10531,"31°05'34.569480""N","121°22'33.562970""E",0.001,-15797.449,-8697.448,0,七组,789
160,10524,"31°04'54.206812""N","121°20'50.948415""E",0.001,-17038.005,-11418.383,0,七组,790
161,12529,"31°06'54.332824""N","121°24'34.953040""E",0.001,-13343,-5479,0,七组,791
162,12530,"31°06'46.177448""N","121°24'22.579315""E",0.001,-13594,-5807,0,七组,792
163,12531,"31°06'58.087015""N","121°24'07.815576""E",0.001,-13227,-6198,0,七组,793
164,12532,"31°06'36.399583""N","121°23'12.581360""E",0.001,-13894,-7662,0,七组,794
165,12533,"31°05'53.313691""N","121°22'25.563077""E",0.001,-15220,-8909,0,七组,795
166,12534,"31°05'17.730139""N","121°22'30.728060""E",0.001,-16316,-8773,0,七组,796
167,12535,"31°04'49.546014""N","121°21'07.530368""E",0.001,-17182,-10979,0,七组,797
168,12536,"31°04'10.688737""N","121°22'44.559203""E",0.002,-18381,-8408,0,七组,798
169,12537,"31°03'42.482752""N","121°22'13.126872""E",0.002,-19249,-9242,0,七组,799
170,12538,"31°03'47.627352""N","121°22'33.339419""E",0.002,-19091,-8706,0,七组,800
171,12539,"31°03'21.234132""N","121°22'40.794015""E",0.002,-19904,-8509,0,七组,801
172,10514,"31°06'31.368542""N","121°22'08.803522""E",0.001,-14047.626,-9352.152,0,七组,802
173,10515,"31°06'08.516748""N","121°22'59.096401""E",0.001,-14752.471,-8019.962,0,七组,803
174,10516,"31°03'22.830931""N","121°22'44.050178""E",0.002,-19854.89,-8422.63,0,七组,804
175,10517,"31°04'24.472238""N","121°23'06.965333""E",0.002,-17956.943,-7813.716,0,七组,805
176,10518,"31°03'31.104406""N","121°21'28.993158""E",0.002,-19598.368,-10412.406,0,七组,806
177,10525,"31°06'36.650620""N","121°24'59.640069""E",0.001,-13887.874,-4825.1,0,七组,807
178,10526,"31°06'23.001243""N","121°24'52.124911""E",0.001,-14308.156,-5024.43,0,七组,808
179,12540,"31°02'44.214710""N","121°22'35.849430""E",0.002,-21044,-8641,0,七组,809
180,12541,"31°02'11.915643""N","121°23'43.943735""E",0.002,-22040,-6836,0,七组,810
181,12542,"31°01'34.271535""N","121°24'28.160906""E",0.002,-23200,-5664,0,七组,811
182,12543,"31°00'49.043607""N","121°21'52.864126""E",0.002,-24590,-9784,0,七组,812
183,12544,"31°00'10.930988""N","121°22'02.968568""E",0.002,-25764,-9517,0,七组,813
184,12545,"31°00'38.299642""N","121°21'17.438541""E",0.002,-24920,-10724,0,七组,814
185,12546,"31°01'08.250162""N","121°20'20.172684""E",0.002,-23996,-12242,0,七组,815
186,12547,"31°03'07.863139""N","121°27'41.621650""E",0.002,-20319,-533,0,七组,816
187,10507,"30°59'51.866461""N","121°22'24.976943""E",0.002,-26351.627,-8933.636,0,七组,817
188,10508,"31°01'48.003734""N","121°24'36.344049""E",0.002,-22777.194,-5446.762,0,七组,818
189,10510,"31°00'25.795985""N","121°21'59.438786""E",0.002,-25306.118,-9610.236,0,七组,819
190,10513,"31°00'03.548023""N","121°21'33.298115""E",0.002,-25990.659,-10304.319,0,七组,820
191,10519,"30°59'46.148424""N","121°21'16.230978""E",0.002,-26526.08,-10757.619,0,七组,821
192,10529,"31°02'37.922843""N","121°26'58.102757""E",0.002,-21240.99,-1687.01,0,七组,822
193,10530,"31°03'42.082442""N","121°27'37.080432""E",0.002,-19265.129,-653.369,0,七组,823
